"","AA9","AA14","AA18","AA23","AA29","NAA11","NAA12","NAA13","NAA16","NAA19"
"GABPB1-AS1",5.16052862940394,5.39401305753502,5.41572387031665,5.69784668036477,5.29266215335756,6.83229605090341,7.05419156038283,5.70212391550947,5.76729912891765,7.20823885869862
"KRTAP4-9",11.5754347308254,13.7268202509183,12.1690746427641,13.6277367523244,8.72569976408643,13.761217189907,14.0809142730752,13.700170744356,13.8307117578138,13.9322104682118
"KRTAP4-7",10.5080822580001,12.9713873243867,10.7844885786021,12.8487847906099,6.38291910525096,13.0577840450976,13.583139060707,13.1068552748481,13.2380397840834,13.404588233001
"LOC100505782",6.16033455458434,6.88668025564688,5.66895333108602,7.16740317223682,5.06583539290516,7.41170492568299,9.47014129622945,7.66851333462242,8.66376095153442,8.35734845072689
"PSMB8-AS1",9.01202238778013,7.91978060837367,8.62986694243914,8.34720847412931,7.9175546167351,8.16038173125801,6.86155137988102,7.06630137164656,7.00969940777255,7.1434633398484
"TRIM10",5.97912606950798,8.00311938632761,7.50907401511517,7.51003503544307,7.31955889992441,8.73869553962408,9.99156563115817,7.06799928770415,8.54202214725765,8.54184501660183
"ARL4C",7.89974676708435,8.35638343419363,8.09466504743829,8.29140831319029,7.57131443898341,8.67201770817453,9.45668019137599,9.19398048497657,9.77532149660675,9.07958312940103
"LOC101928881",6.87608173638467,9.18861108091125,6.86262290861838,9.22588394633914,5.21523485568431,9.78311482666124,11.46178805254,9.59820192310008,10.2978108339158,10.5146022603079
"LOC101929148",4.41553006810415,4.45217584326258,4.31427956853364,4.30212289401308,4.45202286722548,5.3649063330148,4.34985901699889,5.56079108970852,6.44495324282859,5.81169167184543
"LINGO1-AS2",5.54675096815532,6.53075750812089,5.69114037853778,6.3079386666633,5.84928421173593,6.93756859921527,8.65475017667273,7.42090737017383,8.43353246443221,7.55201529477393
"ANGPTL7",8.91414288364145,12.0396614024777,10.7583958883677,11.4172642802125,7.99724295751951,11.75217651097,12.9376100938015,11.2026477936186,11.5348972937382,12.4664595238154
"IKZF1",7.56767041096259,7.51479339190905,8.0546573895739,7.8280527662875,8.59770486017769,7.43881063588393,6.33090495433509,5.87602306787071,6.09300911484435,7.1459367975111
"TRIM22",10.9754461244984,10.7020728673295,10.8344005400934,10.8931471206908,11.0080822090515,10.5684494760761,9.67431673678036,9.65163291615939,9.29724676706494,10.1762934372927
"FST",10.0360410210188,9.30867789219059,9.58540922963928,9.50183220302173,9.63249300657433,8.97560184079574,8.724436654577,8.37571999864504,7.40174879554229,9.11977267246668
"LOC105374809",5.65092825734832,7.42772119101619,7.12492695634293,7.53023032868884,5.63592532672504,8.19582328282816,7.60360867756109,7.47723409327126,8.31231110433772,7.41960790366555
"IFI44",9.78355828768486,8.47364380288534,9.54911985019301,8.96833483665359,9.35604675536983,8.98731372593213,7.07152043766371,6.84108625017111,7.40381130847015,7.50582259220035
"EXOC5",8.36455516644309,8.79591366265336,8.44125598073051,8.50030446633346,8.90573865863039,7.80067144596501,7.86115551420997,5.93149711632248,5.94820666909625,8.53113532828061
"TNFSF13B",8.64250352395595,8.34733229481028,8.50653171243227,8.05925677536274,8.64043185465802,7.79171698776868,7.40346049879928,7.20597937700438,7.10599692758455,7.23074534791647
"OGA",7.94802908744235,7.67101970981321,8.24054388665789,8.24747568477006,9.23668192288264,7.37438623013169,7.71050786991482,5.93831080358115,5.74911926489522,7.38940270255799
"RUNDC3A",6.27207946257632,7.26098562074946,6.54824285357881,6.89238288247832,6.52413036665408,7.56490654106114,8.15809809709791,7.65022442386513,7.98121813807126,7.62575536090378
"IFI44L",9.07061670564372,8.75771420567198,9.33021044726258,8.82973549102205,10.1475255239278,8.47554350259489,7.44334068486028,7.24867413989051,6.64210175966415,8.11678442701786
"GLIPR1",9.54117824656531,8.93162799551325,9.69275397761675,9.47214356520174,9.72662336316972,8.99896370361603,8.14021275435853,7.84976305725647,7.37831191119454,9.0307898268781
"STMN2",10.5601698099074,10.4450358066351,10.3240406675205,10.4276269036417,12.3050245888037,9.82811225781779,9.38321561348805,9.57145319493342,9.46997102550045,9.81755805688917
"BTN3A1",11.171361828223,10.1672114118307,10.639055520527,10.6285536717025,10.8072344802914,10.2347991558222,9.18714991507229,9.84302641171429,9.63168354995933,9.37573786445414
"CHRNA3",5.15032043638913,5.90551875020871,6.27924904152178,6.36812023833304,6.31091439162968,6.34587223752568,8.15144372158037,6.97478587319067,6.41817785016805,7.59270760734924
"TRIM9",6.74220798086205,8.3707391469858,6.98725349996795,8.10610034042841,6.6356427481014,8.08426303816761,9.46118598169561,8.57790167286507,9.05226163858072,8.94304990502036
"GBP4",8.61391738008017,8.4355444457552,8.75883929301132,9.01380308622835,8.70488833780487,7.98492421563884,7.29231597474081,7.61974166608551,7.60132499282327,7.71844583122027
"SERPINA3",10.6151582909756,12.7496185040379,11.2821843592689,12.0207344934405,8.97567789022394,12.2027313717129,13.1654860378579,12.4289582069599,12.7366939156395,12.4181648371547
"LRRK2",10.6292057307277,10.3193505287465,10.6879353466505,10.8531990956419,10.8824298376595,10.0000879336172,10.2541641205122,8.95065718335728,7.92352118734669,10.1596166608256
"KRT74",8.13117102872731,9.57399774968563,8.38988407090775,8.53012862528036,7.58038789264418,8.82796633068616,10.283491626414,9.21453448390879,9.80810713401273,9.79105173933272
"CMA1",9.56774426364148,8.4560153634138,8.38849368704954,9.20463396693901,9.68688195138784,8.01097723140812,7.606565473149,7.90568814875323,8.33216565457074,8.22344540946241
"ERP27",5.55456151883978,5.37609196863572,7.20717119296324,7.87111853900358,7.86646204672893,7.26228890883724,7.9902902435948,8.68072249120993,8.65846651748987,8.35137708825246
"ADH1B",12.1446852407933,11.0566406978889,9.94466018488617,10.4593649506975,11.8785994456008,9.88630550813712,8.95769483692565,10.0663246312695,9.96094780810311,10.0555949734348
"KRT40",8.02472566031752,9.96707630855887,7.830198342143,10.5003408856566,5.54284031944845,10.7502900754148,12.4596216683989,11.0763724940044,12.0985839465873,11.4002572480228
"COL12A1",9.12852860292695,9.78083291164295,8.91253787634534,8.47295439178585,9.77184155906636,7.96771211516359,8.99525084736375,6.98305853522689,6.4535482856338,8.99097907469346
"LYPD6",7.87933056231,10.4477914236451,9.0418290714432,9.8218946609297,6.95192270980199,9.86236038112668,11.3133486315959,10.0104677190143,10.0346005276117,10.6532792715576
"COMP",8.37637439679063,10.5606857831701,9.62156608369601,10.4555682135119,7.71688631541349,10.9410843745707,12.1467865386323,10.990305909861,12.8220271899231,11.608425416853
"LRRC15",5.82880015527102,6.89173218018527,6.25138086904429,6.65368669861761,5.89273186777242,6.58578088825118,8.4268363829688,7.21527307489937,7.01014202352718,7.36538758748005
"COL6A6",8.8396910967537,7.26634207142845,7.58861374025604,6.55138935946895,8.86939253289861,6.96099342895064,5.49099523066673,5.49468501797044,6.45053434919125,6.47284803385402
"JMY",8.15722529476077,9.78012813505888,8.70973598500777,9.62000851257995,8.45731822738166,9.90842290018315,10.9038660436191,9.86422252964229,10.5653489898234,10.2617354491884
"KRT72",7.31055038057516,8.89559085489331,7.63207696194955,8.35466682363439,5.92140315090421,8.83544428442955,10.4770239170721,9.71746918080442,10.4954546471422,9.56366842467733
"CSF2RB",10.240741437232,9.88744870527188,10.357284172861,9.52607807855086,9.87697180257619,9.9502937434465,8.69347187800954,8.51615322121816,8.0957643576554,9.46098617046473
"WDR66",5.60041765819524,6.99715586585893,5.69949476951403,5.70650699416132,5.79481573808553,6.41511202645704,8.2419948769281,7.00413906092505,7.34271191440018,6.55302473790626
"BEST3",5.6040804586571,7.12378454255574,6.61880887008535,6.59930086738783,6.01437705265007,7.07912551380058,9.01461215044089,7.67486636543154,8.0658761507655,7.91851044463779
"CSNK1E",8.75397452333535,9.29740495821255,8.57357124065767,8.8071651532641,8.38041627745069,9.465132259319,10.8359868548453,10.0879023171501,10.9924055247319,9.88217432857866
"CST1",6.34583341217326,6.77175444171245,5.64864749262116,8.01727484152582,5.41211341031894,9.46532584928702,9.52235542095324,10.0049557101786,8.62747820301604,8.79937690482055
"CST4",7.35944905713779,7.42826360167011,7.34226961949847,7.70932338500852,7.26453581825938,8.64779463418339,8.78284281838413,9.1381337123009,8.86041887910068,8.47038061189546
"CBLN2",9.03200593948631,13.0320430977986,11.0566937185823,12.4575780038056,6.09438814370734,12.8262590201682,13.2586813204206,12.7796038450517,12.9143708402614,13.143609035402
"DSG4",7.73787445884466,10.1848545159257,6.71018884631466,10.2338010648197,4.61816055771125,10.4719644719565,12.4604302645466,10.3842957758375,9.18925566137551,10.3322915937672
"CAPN12",7.84224551044252,9.13916924580196,7.86733522909944,9.33446265771583,7.35402716728712,9.66639291734986,11.3619237498608,10.1216335631027,11.1977792227863,10.228450583539
"CTSS",9.95125468918591,9.75331994822575,10.3341173466955,10.1461871670187,10.1660317365495,9.41073204883375,8.27550042533456,8.89270135455915,8.3225546274183,9.53985403059134
"CREBRF",8.02875199135535,8.77196396078246,9.1152287161331,8.70006317689928,9.2627857662376,8.44390671030169,7.28674667277937,8.02616229925771,7.10371713307281,7.57797655843426
"PLEKHG4B",7.1418919194106,7.32632154322654,7.00708494528383,7.37872358739609,6.28103959807465,7.93426693519871,9.12427556649043,8.03026789749335,8.83883819835577,7.90077466662706
"RDH10",11.4245953804759,11.4502340725065,11.4046159002427,11.3410028979838,11.822637063401,10.8444584185206,10.9570909642606,10.1441296017775,8.83600216696408,11.039240192103
"TDH",5.04217995044341,5.13292381988182,4.98037774553501,5.54095814950027,4.99628123829756,6.12204788906749,7.17434764599172,5.79159891266846,6.6277530288741,6.20272019326675
"CLEC12A",8.0600388692451,6.05943553903375,5.86062628044853,6.10497628172458,7.58279888621858,5.4652359754869,5.07952192891871,5.56175766421623,4.99369005491005,5.20482143642203
"PSORS1C2",9.68840073559694,11.7203468701592,9.90624613665487,11.4251816642228,9.2836049303285,11.9823959703007,12.9129315058923,12.199124842371,12.4289423834547,12.4999684078986
"DLX1",6.44781199831659,7.56619262945194,6.38962830013136,7.47255771243019,6.20743729347196,7.55838960069006,9.38367132564354,7.44834066980743,7.46503867990272,8.74065258076819
"DLX3",9.58749342296786,10.5527118800062,9.79432396029354,10.338835170863,9.53585539379963,10.6180055203602,11.818758005015,11.5298818146085,11.9543305937197,11.1514877153897
"DLX4",9.31890912376878,9.58390388724527,8.67449149760867,9.93682610414226,9.1440182346905,10.1260449290602,11.4260711381141,10.74367396546,11.0154741081407,10.9441391870275
"DMBT1",5.53932740549319,6.77092341729764,5.54349031118236,6.30364268148276,4.70618889772177,6.64095111152171,7.11695100957143,5.99245006916558,8.20415437084608,6.87011562122495
"RCAN1",8.90263057339925,8.56485674722129,8.20764394284195,9.16258209574441,8.14457351920538,8.94221411028732,9.44053295813572,9.69204316891541,10.8685459044548,9.61840989440388
"AGTR1",9.00304603928405,9.00728534106233,7.89535848628755,8.4269918654476,10.0730525769495,8.33202111990356,7.62413599633105,7.13224630059184,6.47271113230898,8.56198555651853
"ABCA1",10.0179396131785,9.27421243653551,10.0334323806091,9.80439092216228,9.84174961564828,9.2254030280745,8.85628163937946,7.84307058983431,7.16992274491457,9.06061509874116
"AHR",11.1260463239897,10.666784370445,11.0879473243862,10.6180758551715,10.8367414461134,10.5662671823822,9.81213652759763,9.85667865960814,8.5870042933279,10.2252699328727
"SLC5A9",8.32350409463237,8.77824722275323,8.04526449663955,9.36760166877989,6.30054753424507,9.01581889338705,9.49404751396392,9.23669526978581,10.2328366491828,9.48364103943621
"ELF5",6.55077408998582,7.1695524514181,6.39902828680251,7.42572619493627,7.2414469106485,7.64446762591516,9.3636122776783,7.33884754256266,8.14059297871756,8.62987628599871
"SLC10A4",5.07246424776253,5.4313856119856,5.24939146264524,5.63790008175212,5.0921528286578,5.80880893994001,7.6676862670836,6.37295890046073,6.13039911304623,6.56867998715326
"EPHA3",9.28052410376865,8.72918165795469,9.21813873346084,9.16118289967946,9.9353834613641,8.54526398752366,8.23075974572995,7.6354729788187,6.69798020763471,8.60549045901866
"SLC44A5",9.17783294330774,9.82856912372644,10.4846011348906,8.15807214514785,8.38460085929063,5.12951361478582,9.9161522432972,5.15546362199896,7.25878714168046,7.86494323603871
"ETV6",9.35505269544277,8.75198537943431,9.7064349508051,9.89590080515132,10.5309724529589,8.88839238114018,8.60791654511959,8.24323913326707,7.00931370271017,9.51232533675409
"EVI2A",8.05066323948759,7.55021339198162,8.12603490008993,7.36847151463208,7.52898290500539,7.41508265194009,6.10577114270041,5.82709740032212,5.90201417364188,7.0212897109009
"EVI2B",8.4239883818152,7.92858012049253,8.51246168446826,8.35131355230385,8.40810038209719,7.83059945816012,6.45632265163761,6.86820601305606,6.0655065082585,7.42294909012169
"SAMD9L",9.35388938281728,8.51549137024485,8.80284566705236,8.73262445535757,8.67965815228666,8.14916146862731,7.27186414388809,7.53039052338995,7.30857525540835,7.97260498612826
"UNC5B",9.32126821639353,10.7520047863644,10.0310412374113,10.7744565361239,9.370722581079,10.7334219460338,11.30962700822,11.3754453085951,11.4874003657939,10.9805769027842
"RTKN2",6.95068258531861,7.28433486150829,6.89059161462115,6.6425341193794,5.51118138375882,7.44411467776872,8.28158719144297,6.79793173141629,8.66317312881998,7.60480594570035
"FCER1A",11.9029722454577,10.5234341414357,11.5898598958237,11.1763090851467,11.8017882733247,11.0734252868667,10.3080371883518,10.2604902861719,9.23142457388219,11.096381615073
"FCER1G",10.129922953938,9.89965085029379,9.74088816398167,9.08965496941626,9.72687333099775,8.84607899254571,8.11408515307598,8.0515280111936,7.51841243312799,8.89860140265014
"FCGR2A",10.610160631761,10.962582836729,11.0082779236304,10.6238183227369,11.0514025127165,10.0740123083552,9.48504495708783,9.22976978593204,8.44261551087382,9.80394500125467
"FCGR2B",9.94569672916142,8.79693383866028,9.18844567862046,9.15682524354776,9.8655301731582,8.57503787613846,7.98897228333576,8.45754444769284,7.6476981286349,8.59464975239683
"RNF182",7.53055120116678,8.71577482008069,6.76554302331862,8.22283725200603,6.98836580895574,9.38424078801678,10.6858941744049,9.30490998739922,10.1628106260032,9.88165698681459
"FGF5",6.99774955847163,8.12784288769944,6.780905721652,7.74883763242141,6.19845566888985,7.60071909459628,10.0882356968371,7.59510204972919,8.22169072812553,8.87639455033998
"FGG",5.69967383115331,7.10529164211576,5.64620050608895,7.47347312525421,5.49918270086662,7.27039194670283,9.72840479179301,6.8273544728033,6.6788077503611,9.25466627624203
"NLGN4Y",4.39824379955119,4.52775717576932,4.28905816038494,4.5466579503724,4.48571691405504,5.87602306787071,4.48579465410549,6.53134960041658,6.26067700065973,6.10338794234883
"ZNF652",8.57465026065788,8.59558504313822,8.87065749784751,9.23982774820669,10.0486446715127,8.44566699775481,7.91070702953776,7.75812153566828,7.05827226740037,8.53424531448212
"FRMPD1",8.04077563980886,8.49050996871653,8.06257378481059,8.17142773276933,7.32901078564655,8.60040150821258,9.9311906768913,8.76427521697302,9.53098842938043,8.97225534985088
"FOXD1",6.99772436134588,7.04552045830943,7.31144742543005,7.11591323651831,6.96787820794039,6.21834304356217,6.79325513235977,5.42298918135256,5.42657813625062,6.15991756291823
"FLNB",9.97087992393312,10.441861416913,9.98219877033817,10.4299711601981,9.46164289560704,10.7537245471568,11.1266216097909,11.2766565162849,12.0423359535159,10.6741787909768
"ATG4B",8.53595969405046,8.96389856653744,8.41355113056805,8.9901295571565,8.33255957704063,9.13461861938666,10.2397786984908,9.61526126736434,10.4743644354481,9.74247421072035
"TBC1D30",6.43732909268494,6.10202167377721,6.41853238461505,6.70949629877129,6.97342972431978,7.4261230996739,8.15163698013145,7.20077140016679,8.14509248102759,7.35831668720487
"NCS1",6.97450309137765,8.60653378467438,6.83659788705265,9.19238916925156,7.0378546390577,8.98681283453067,9.91369978685016,9.30282228296295,9.15900291512393,9.91729446162724
"SLC7A8",8.40131628579454,10.2219311228965,9.12773497572959,9.70060959444471,8.89799617885688,10.3351499626862,11.3665593845543,10.7220401149152,11.2364610410482,10.5468854632991
"SEC14L2",6.69424292270354,8.3892730060492,7.37961873474643,7.71017194046175,6.97788061732424,7.95787444667051,8.60378884216579,8.42284045595481,8.56337370738677,8.69987581815385
"FPR3",8.03521931095837,7.86673269710953,8.0768667753364,7.2326073352258,7.85117887653979,6.98065377543497,6.05056098252344,6.40480038475064,6.110241381669,6.86186617610428
"SSBP2",8.20002709166012,7.91529982353395,8.31921902043465,8.01253926408984,8.46667972104299,7.39428164664099,7.12831792057587,6.97125175677716,6.4310826235658,6.58060136300176
"SLC7A11",6.86707751594813,9.53934179016502,7.43205349130462,9.01861711602776,7.25569525116721,9.48697409249617,11.0515649574074,10.073906742464,10.6054015689568,10.2215399308974
"FLRT3",8.22120178849939,9.33517694493525,8.56513538610232,8.97225659722244,7.47931933859004,9.00772424666063,10.2410720831457,9.53915829942519,9.23210950282559,9.69553539270845
"ABCA4",8.34974606921404,9.85008511211502,8.68551771587214,9.33754568820475,6.59561555104208,10.1480119162539,11.2606733242714,10.3751314825615,11.2629223485953,10.3699405817788
"LAMP5",7.61350731346558,6.89641056415761,6.66034737459493,7.35771653422614,7.18567593921162,7.66067449182989,9.17914956973099,8.41900996423831,8.80034751351301,7.85752723563677
"TTTY10",5.53859495669024,5.93610298911637,5.75679969867026,5.82169356233267,5.6946826023879,7.11110767462013,5.79107262204666,7.79319356340429,7.42281669371255,6.94949336738089
"TXLNGY",4.71451218205899,4.47491969467031,4.58905377413834,4.33244016957759,4.3782082722033,9.86799688308777,4.29292443107793,9.71911881157399,9.2583825297289,9.40509346956228
"ZNF503-AS1",6.85125591506363,7.83666372100781,7.24689510368497,7.67209156391445,5.96967759376371,9.35542616667946,8.93108386935458,8.60022787972816,8.34322078127762,8.9004673803607
"FYB1",9.69787098985649,10.1954335948868,9.74890225279469,9.87446324704068,9.29063037140098,9.83220840365915,8.37450641526093,9.17359959389204,7.63292199441933,8.77444963235097
"LYG2",8.63417381633116,10.6262284847229,8.8724590881988,10.8862102137635,6.35789993012169,10.9212648635205,12.728175383659,11.2260750673637,11.4250879126491,11.9331936621156
"BAMBI",10.0040267918596,10.4674946183044,9.17118106309224,10.4035284200143,9.89419210499979,10.5886066503103,11.8919406934262,10.7440559296796,10.7903912648148,11.3938916858652
"PARM1",8.86795288526043,10.4610903774977,9.24538230448463,10.1872357679006,8.85605788717013,10.2886641150242,11.4704441942852,10.4953249463629,9.96057281238864,11.1135238915889
"GALNT2",7.67725990265284,8.04314485462298,7.69650357276426,8.18292192738517,7.89409166709274,8.30849595299649,9.38156400788973,9.30576108823128,9.21803293451266,8.79029553016212
"CNTNAP2",5.60615085252538,7.69982134674137,6.79188990549769,6.7325194040232,5.28002692639412,7.6659382219283,9.11071520984787,8.05879031152204,7.92896610843126,8.08119480425446
"GIMAP2",9.14286215931235,8.72038411909584,8.7819498919539,8.77980031760465,9.03212636135244,8.21888291153181,7.38789973438223,6.61732235367748,5.62651037735146,8.50123673190276
"CABYR",7.40076049633622,7.91576927344074,7.14155171508094,7.59592064800461,6.82036232894541,7.82604756075767,9.09624470977764,8.76231437069618,9.09479547832633,8.18698545444584
"EHF",8.65462717442832,9.29822459775986,9.60300543886098,8.99628912777496,9.64854683156352,8.81244924409467,8.23450484507951,7.55425266241674,6.78740325393246,8.96254135124478
"GBP1",9.43809111515564,9.83381471275033,9.62359246640719,9.61898930965014,8.43464404552201,8.81059903692879,8.40876056812177,7.63366511330254,7.89471604772382,8.61906350428478
"CYFIP2",9.67124021566536,10.9494184342067,10.3189818952655,10.7493501024764,9.3432144865931,11.1163340415677,11.8816142537983,11.213618563593,12.0585785393115,11.0397262692674
"GJA3",7.93409227586739,9.75616524867552,8.28216299906793,8.31753133508438,6.37616815008816,9.32594936609948,10.3515583793106,9.0764106170196,9.31058250312918,9.35145887306278
"DAPP1",9.22001297420261,9.42235720513359,9.42660943509093,9.07032556013305,9.29846948823973,8.97178737747266,8.81941710386279,8.0745003250231,6.78704636394511,8.63144788543538
"CSDC2",5.95032558037997,6.75035292417601,6.01067446998048,6.64442929601955,5.90936857193208,7.4361752065709,8.9957240129338,7.79955231248238,8.51445659755661,8.16040972396669
"ADAMDEC1",7.64307476880447,7.27001423343789,6.45736166145125,8.04385264128878,7.34029134380152,7.20578847578537,4.87831419450265,5.21295968325246,5.24682559232385,6.31640599078067
"C16orf54",9.5669763368749,8.73381459061273,9.40080025887435,9.2015749542228,9.54819831827579,9.68752394496748,6.74800315402781,8.01776375229838,7.39573453257612,8.64740350872346
"LINC00868",5.93601253866325,6.8474237811894,6.43795751867915,6.68380269813229,6.25507128996872,7.19243222444037,8.63429225021856,7.46095029426198,7.7834838635381,7.93974600494183
"LPAR4",7.82164548126102,6.17748319406067,6.94153111916868,6.85034816141451,7.83405848588713,6.74586169709028,5.87606660994911,5.80456106579551,5.73437113116352,6.37508384102934
"CYP1B1-AS1",7.67563394910888,8.23123888783905,7.69761337631906,8.36992758856513,6.60321221713157,8.28232401184977,9.86582016892517,8.67867413452531,9.84939304639951,8.33289688899601
"ATG9B",8.95026497707635,10.2324922327682,9.60911136305296,9.81317488588909,8.25892348377431,9.7095281536722,11.0355694785282,10.8533096427325,11.2240761826122,10.3492643474683
"LSMEM1",8.57857312957069,9.13709534331717,8.55919928699635,8.92866527835224,7.53833209834376,8.94043528099102,10.3718276323394,9.54515067112383,10.4416687079877,9.46940993926274
"CD274",8.17761736065293,8.7044555506672,8.46857079429852,8.32331349460037,7.71870779583336,7.93626613855937,7.76777200662414,6.11666828613804,6.34573838498343,7.5520579985755
"GPR171",9.09024669937194,8.18122091510742,9.25422677917845,8.95060843863398,9.31522318867565,9.05659635941966,6.79550378806257,6.98695720491206,6.76344398291764,8.27597914683586
"PADI1",8.75075168038316,9.96308415883261,9.5792096985335,9.49468892734569,8.35745061802006,9.60128505200419,11.0436505715325,10.7611229608698,11.7137795832081,9.71057049720125
"GZMA",9.11438942899298,8.83879771381682,9.66090318941756,9.54825979579181,7.91692971651679,7.95873360982575,6.59499672066636,6.68211189239917,6.64471414952204,7.42442318310317
"GZMB",8.57518041157418,7.81373881557869,7.65166004946736,7.97999875487554,6.74787027499623,6.39347557852514,6.13516401877672,6.00001582003108,6.11598051988175,6.70643040595369
"GZMK",9.07614075298639,8.63895415836121,9.20153268545671,9.46014779914991,7.78913178245373,8.1078006213951,6.6967810918919,6.92902910482569,6.34565200431007,8.059740811624
"HBB",12.1229524415534,10.4147747919381,13.8521183271824,12.6021222254329,13.1104256452502,7.39905292031669,9.35010707719053,8.50769590453444,9.67410579512778,7.81076970245091
"ERVW-1",6.64647513707731,6.40841660165417,5.9446781564704,6.70455291257757,6.11627798843399,6.88925655731079,8.38752080859915,7.07509772953339,7.35689250970913,7.25672677815718
"EHD3",7.31941265832513,8.64226220480625,7.80827340195086,8.77704558504164,6.9526472879869,8.90833770678787,10.1337771280562,8.93324991831118,9.2294453996345,9.62513164748002
"HLA-DRA",12.8807735641566,12.5223048142776,12.9771671312296,12.5249944215141,13.1271600853379,12.4246047564536,11.4447739532924,11.3984406044607,10.1521588787161,12.1969468957082
"HLA-F",10.865921426926,9.25446450664258,10.1951226272542,9.80090394021831,9.03068585903422,9.37177851684779,7.72163792383124,8.41136713924,8.56660852916412,8.32449746315556
"HMGCS2",11.2305054531081,10.1824995543132,11.5003565446804,10.9415416177552,10.2991551591105,9.96655955256154,10.1955994964632,10.2136993178099,8.81180731125477,9.82249921960627
"HNMT",9.21907997929193,8.25513768497727,8.42667057660779,8.83274493053622,9.48790982762348,8.15867581095696,7.69009013193131,6.58157372003301,6.54652029875215,8.08486981972614
"EIF4E3",8.86236156115316,8.7303719197397,9.05225485090531,8.76034118681993,9.73448139461878,8.3697533710905,8.30963430630011,7.07381055219535,6.40888258292142,8.83824783807425
"KRT73",9.46244431020643,11.0871962353863,9.00179469053639,11.0710688615302,7.44196294902911,11.1828221440998,12.4285077596543,11.537863238907,12.3876076716217,11.8349127187876
"HOXC13",9.29750517095218,10.5074822230612,9.1266245799375,10.2456585542998,8.22794892985938,10.5493586688637,11.9972446745275,11.129144367158,11.6481709345448,11.187254202016
"ZAR1",5.19315634203317,7.03490395881434,4.99068262673272,5.8240132723314,4.83419199815597,7.363083205924,9.33429894451289,8.35646684243144,8.92595414319289,7.97696790919301
"APLP2",8.65854360752264,9.74448524689785,9.54283616223872,9.54763920270626,9.88799205634711,10.427332502321,10.652305248184,10.6815447174068,10.8480447488109,10.1558641034743
"KRTAP7-1",9.61997148934461,10.8367582867127,6.67304943143404,8.71755005261199,8.01523200730171,11.1401328636265,12.4398194166209,13.6948872118676,12.5088061378751,11.6065768131743
"KRTAP8-1",10.7910001308395,12.6675420287398,6.28480968681041,11.4008899697027,8.5957571272196,12.4417449901187,13.5494128873441,13.7817150579454,13.5552094006811,13.6778069904606
"KRTAP11-1",11.2288094328641,13.7038057477076,11.674783129386,13.381426309799,6.51649162637953,13.4998505667058,14.1485792918384,13.8748994292791,13.9100756189194,13.7834469073404
"KRTAP19-1",10.3138964070623,12.0231997497824,9.99463517685049,11.9436661516272,8.3379180076715,11.8513310262847,12.7351557908429,12.8076620375596,12.9519151779806,12.5251183546376
"KRTAP19-3",10.7724790612236,12.2876842102153,10.2825884987087,10.8152109433439,9.79129801541503,11.3017732388751,13.143776836114,13.8188003162694,13.5673601439863,12.4727377275408
"PRSS53",8.0800338817873,8.70180626956076,8.1188552408738,8.33566877165596,7.98826669933058,9.00099112762888,10.2027281866546,9.49684935941809,10.4301034939586,9.48794335598547
"IRF8",10.7047550448198,10.4503073139644,10.8908345568279,10.6144717635048,11.0188154786088,10.5898240871009,8.64151712069447,8.60598076993593,8.51300370764354,10.157959174901
"SMTNL2",7.32816808354129,9.94641439783701,7.98245641081769,8.24643058545632,7.10247883787985,8.99222956553501,10.7342632470394,9.44781331655375,10.0635093271508,8.73718590916684
"IFIT2",10.1302385822143,10.0183330867521,10.1833034020897,10.0640873454218,10.5920689671988,9.3431518095973,9.07441740126565,8.54454946309741,8.36738296864708,9.25525546353735
"IFIT3",9.67681170140816,9.62027856389719,9.92917009146798,9.60433482738937,9.82445016031765,8.79215594240682,8.41538501773855,8.27749728107062,8.41050864915881,8.72702337364236
"IFNGR1",10.8779827920895,10.967547527681,11.188459555509,10.8448752036204,11.0054526340415,10.6572941058974,10.2444811740111,9.62549855820921,8.6171077639128,10.4320361292523
"SERINC2",9.49773085029895,9.48564848988193,9.1453685196568,9.69171689064116,9.00830234522325,9.7307838375282,10.6289277331605,10.3468298321445,11.1182894410814,10.3626766069812
"IGF1",9.03710501471311,8.95027639899863,8.55392564663988,9.19733514375029,11.2203620702323,8.36093244506424,7.65523958967018,8.07835742680525,7.37521580683399,8.63478341938306
"IL2RB",7.90372756802999,7.86610452017381,7.43153502966703,8.07664886436406,7.521025437545,7.07689136042473,6.49003223506057,6.7441398117546,6.18699414582262,7.01873975190206
"IL2RG",10.0158118933782,9.11499395967572,10.0016681879564,9.58606326814196,9.68631660991064,9.4051534024274,8.02600413703676,8.32571205993607,8.17732872728828,8.78194140542836
"IL7",7.35599411487949,6.76846934988944,7.3515188938751,7.56352420966406,7.01101969658979,6.70211444183409,6.34908626352474,5.60697040032851,5.20088173275519,6.13466151993775
"IL15",8.89146179369516,7.437007973776,8.49486645842311,8.52670117686379,7.76051951903842,7.93348690271077,6.17796694272404,7.32349494694813,6.4554291607227,6.82688932070584
"CXCL10",10.4021935178613,10.3406120430562,9.12128640139669,10.7815354913944,6.42615896935201,6.55712536089412,4.83824573870869,4.89078727433692,5.15971616399983,6.69910132108838
"ITGAX",9.50250959181502,9.37248792588913,9.73231115502671,8.37172304414343,9.79676313759671,8.75260441404375,8.28718014988334,7.98461632569583,8.15244061073973,8.51949053342073
"ITGB1",10.2254329935256,10.1149907474929,10.3268832607274,10.2663351788551,11.0188154786088,9.90820595241158,9.76073410365247,8.27874896447551,7.42362682111779,10.041011372079
"JAK2",7.45534071728008,6.73736077882015,6.98809136987554,7.28559951308798,7.35471406439798,6.72252782000104,6.37815179243323,6.00519183596463,5.06656189103144,6.58389320783936
"JAK3",9.30892785227802,8.18939128578367,9.16426130071449,8.6559550760688,9.65153158215348,8.75785091331581,7.25218677575126,7.43450825072698,7.69005366212016,8.22994386372238
"CCDC178",8.73716197377079,7.29452129539932,7.39512626149338,6.83335935525033,8.44825978620817,7.08805880423633,6.42900189697324,6.03588451926549,6.00410943234271,7.04607680010125
"KIF5C",8.45737628825411,8.9136405368446,8.38065974652293,8.29168160419111,7.36953923904605,8.70840331159035,10.7562099806038,9.03864164416623,10.022914850061,9.44919244640815
"KRTAP5-9",5.55656294803352,7.51971119815162,6.0659394848662,7.57259149479785,5.04177080588251,7.82296471007831,8.19730268094345,8.18952916455368,9.48738632593004,8.79038395259352
"KRTAP10-11",8.60487831791425,11.6148337040139,9.16723282727135,11.7753816005068,5.76154271395908,12.0079663132701,13.5176833437259,12.720510922781,13.1522564128244,12.7431009738003
"KRT16",11.5823547640226,13.3345707768145,12.2968544884289,12.9515515514147,11.5881452844073,13.316788066829,13.8892114364344,13.674931755939,13.8742272784894,13.6385392683739
"THEMIS",6.3079104745586,5.39736209713736,6.69714611249183,7.0377216715231,5.84492656644046,5.78509255716983,4.69643695560116,4.69476371621906,4.71192246569944,5.38420045394134
"KRT31",11.5764741545825,13.881584844347,11.6560133076133,13.8118636923928,9.13110290991523,14.0188191011239,14.4358009320228,14.0954648002733,14.3133042514462,14.2428708486039
"KRT32",9.55369747683626,11.2214183680971,9.21875609944783,11.3693709114246,6.62763343779115,11.5327380942616,12.9578979702435,12.0788197464669,12.3922521652562,12.1388521614392
"KRT33A",11.294868212455,13.794091191351,11.148733368669,13.7583732610797,8.79556480333547,13.9608968830621,14.5429910013704,14.0435952566853,14.2216992411212,14.3555083293343
"KRT33B",9.54306692490131,12.8663100665106,9.89549390509212,12.9965734666502,5.85569745364133,13.0834103049887,13.8967265531616,13.403022692937,13.697685733833,13.4967523603331
"KRT35",10.3177009055544,12.0572779180822,9.71551464581866,12.4330886968868,4.79115769927673,12.69502644107,13.6576089665381,12.7687358219817,13.6777267152324,13.2530815960419
"KRT81",8.70272692050085,11.9110873531478,8.66302650587379,11.9247326246971,6.8461696107124,12.5522811735844,13.5834567830293,12.9066622890499,13.6408756529772,13.0804946213215
"CAPN8",8.53327029358837,10.0788606229776,8.56767125799736,9.12308982606464,6.82678488024562,10.4394637257064,11.0191921572075,10.5420383409751,10.8651487700447,10.4012827407823
"KRT82",8.85311327888982,10.9219039500865,8.52555180068597,11.1521372087966,6.49730267412738,11.5190918184717,13.0688079360666,12.1815086382961,12.8143932910558,12.0925373958503
"KRT83",8.47519334406615,10.2833229837369,7.90780774303621,11.4267808954484,6.95147807706032,11.7600482544285,13.043534878006,12.3832509726943,12.9966920784044,12.3872241206836
"KRT84",5.53051992077036,6.73242329358295,5.49421152042807,6.86834173852128,5.73242535272778,6.08199268256224,8.8761630923321,8.073548843882,8.4209267156434,7.98584920703598
"KRT85",10.8068919313072,12.9732666761759,10.5677168714659,13.0522232241723,5.61385291783909,13.2794710100265,13.9238879144218,13.4668797525183,13.6041234858868,13.5622383480715
"KRT86",11.2838921049557,13.3783971717847,11.6419100214356,13.2792020791666,9.41751373265549,13.5727563919296,14.0589436388159,13.7137769085905,13.9371584179939,13.7649816170409
"PINLYP",9.57253552506865,10.2522702209225,9.80555806007985,9.9262225214825,8.80333876554932,9.9682891588849,11.5495063059672,10.8015768601438,11.2381523359217,10.7282751304578
"LCP1",10.7636175009478,10.3365673983639,10.6639002685862,10.3242539459503,10.546812590996,10.254832298388,9.26172442652011,9.1672810405971,8.54845076826122,9.81991681904069
"LCP2",8.12125712647446,7.71466707806803,8.22352736781797,7.66580665571209,8.29184186862238,7.52856703743021,6.11069839452163,6.63179719635631,6.55850917348825,7.03551254112344
"LSAMP",7.2936023103329,6.13367491099312,7.28121265877153,7.72809602558481,8.40352132420713,7.36620638517843,6.23871751485468,5.76188696940828,5.25305817184954,6.18101007196197
"ARNTL",8.55487404550801,7.73720674777631,8.35592257677524,7.84158517011356,7.46721525459253,6.98679171933903,7.07560641447557,6.39339678117204,6.16068685242942,7.96799905870868
"LYZ",8.16445399533447,7.58822507407816,8.4501133159076,6.73838302817838,8.80952800637577,7.81385532103903,5.88393287075216,5.49372351673541,5.44133224243351,6.03788125051993
"MICB",7.51578992335,8.23066769320399,7.56441550347694,7.99913129526479,7.9903010525314,6.95972427472952,5.99922819551642,6.05681052210195,6.64891882692171,7.15716936995428
"CXCL9",11.1314232140899,11.4671371474622,10.1796633127478,11.4251031496112,8.1315451752847,8.10160787097241,5.5880014625817,6.55836009555396,6.06420989270169,8.21950842172231
"MNDA",9.11854728082258,8.91530006072897,9.42654817266269,8.53061303378278,9.14434222791906,8.45398116084759,7.4940997554499,7.9230647649407,8.13991155145863,7.9038277800409
"KLK12",5.81980440024576,7.80687378575484,6.31932482431015,6.5763112347486,6.06005677007481,7.88285930607657,8.0959381371465,7.19900633791617,8.2425491050167,7.69224664381425
"CAPN14",6.72495533089555,7.06151386704627,6.71720568672512,8.13523130141519,5.7852601609987,7.78872641492087,9.04678145197467,7.83595398618723,7.4748034116952,8.39808464755502
"MSX2",6.85367265329967,7.80736631706328,6.77643253153342,7.76689851519406,6.55344079309353,7.95325861456067,9.92239838284167,8.596878267322,9.44039191722216,8.89013913516666
"NPC1",8.85994763004936,9.40766801867034,8.67405389981894,9.03775809142562,8.9742627027789,9.19204922007257,10.8134449773356,10.2824916252082,10.4665662933231,9.59109048976503
"OAS2",8.48596908759519,8.71223308798307,9.01719653501365,8.42831592232155,9.10233517215013,8.05359827721337,7.37727991961756,7.29734760974239,7.09337740100607,8.22730179297242
"ODC1",9.03535943525984,9.84461531372366,9.19606043848149,9.65152383938516,9.28715337149901,10.0272069515709,11.4209834020445,10.3499412643119,10.2948597595384,10.2361172867902
"OGN",10.1980579000634,8.8170069084945,9.41643167336072,9.42083189177581,9.7828646126365,9.16773729849811,8.19855531610819,8.01727500712458,7.79238582309998,8.40170543897724
"CRNN",7.37473908019724,8.34440041189001,6.68529813603213,8.13484146274265,7.67437225445502,8.60499259893979,10.5255632935089,8.75029957261991,9.89520142152405,9.17254276281499
"OVOL1",7.34316017719979,8.47203118962832,7.88020033523556,7.69641045052504,6.80201306280761,8.48265382453135,10.1715614629967,8.76144143219376,8.93058176904625,9.24994686183132
"IL21R",8.57106727279985,7.4967139504843,8.02726872529683,7.455878442656,6.69596845310112,7.00715138290934,5.86540403296663,6.76841127823682,6.98256471535774,6.4247226797749
"TRAT1",7.39528150611354,6.62982839856714,7.42054565906923,7.32821395370368,6.55100314089525,7.12534624234479,4.64217673941903,5.24057054260781,4.14420759323439,6.55883396629988
"PCDH7",8.19441436435127,9.25418718543798,8.31548748927723,9.22424572984941,7.90608316135374,9.20920920603669,10.4792151605353,9.51899005538507,9.5753125174687,9.81293558001712
"SLC45A2",6.28439659179181,6.62215250129256,6.46340975490252,7.35686232560601,6.50689523829299,6.93931086077147,7.90222240739473,7.78733890071279,8.48998735053664,7.45860017090757
"LEF1",5.31385352521151,6.49295346729505,6.32722231833685,7.23948482008261,6.12546552814217,7.19227408829519,8.57062147735438,7.73085887731571,8.91843493887825,7.66099268448662
"HSPA14",7.23174272918475,8.21529833670378,7.37937567878501,7.98240861001434,7.69901439188738,8.34182166295173,9.81363049160596,8.68031121562683,9.04533154071417,9.03474814614553
"SPTBN5",8.50509607160689,9.8838612167019,8.86925945151546,9.3089623641148,7.37709225643491,9.68752394496748,10.1113625919954,10.1372993936584,10.8712650446614,9.84566725576665
"MS4A4A",7.36981499906271,7.42197418944773,6.22187271233779,5.64383061369234,6.5756672005079,5.72527404899072,4.82034079109527,4.67305561330186,5.25160089115064,5.58669884224269
"DACT1",9.60105852964292,9.25301502355396,9.2805458004764,9.62569477192125,10.3234852109396,8.96784721969864,8.50838311117819,8.28292185643656,7.6080349592406,9.45239730901437
"PDE4B",10.5310732467868,9.43397080893498,9.50002664750834,9.76399549459646,10.5920689671988,9.15022531467939,8.82108749690307,8.73854054997568,7.65839836336243,9.41202322806587
"PDGFRL",9.89615409040117,9.49762467834259,9.40472164292802,9.37309686730347,10.4560378543059,9.04657612034379,8.21992728943875,8.33939022712105,8.19234218643652,8.12744127973531
"PADI3",8.59923028149191,11.0018196456825,9.46460620515104,10.4545709239592,5.72068993076456,10.6890068229254,12.4344091680052,11.8713624508988,12.565956061762,11.7763445004811
"ATP8A2",7.39770645188213,9.93501143130408,8.29844215457425,9.40250585851321,7.00416633526208,9.08077685927672,10.2902821669641,9.66366123131339,9.89842715886897,10.4420857622928
"GALNT7",8.46998662204865,7.02040353684158,7.78261945344,7.7142436423601,8.96238155669424,7.73807139172386,5.95984410326638,6.94357563163611,5.64743624427442,7.58914388107294
"SERPINA1",8.97632649152458,11.1241239206922,9.28852371859523,10.1968181898046,8.12978907721553,10.6964983837134,12.0139453811753,10.8603309552893,11.542741261784,11.1919243684893
"PKP1",9.87367360352132,11.2168275292722,10.5435321861055,10.3761491988645,9.83321280376133,11.1395575606174,12.3815298136916,11.7493105457797,12.0007593130586,11.8441701402811
"PLEK",8.40255264980256,8.08064646651267,8.31869977269349,8.01862943615211,7.91365677788833,7.74473122232758,6.49798403063889,6.81034351940811,7.08696107897077,7.42843197439758
"PLP1",9.89550384360325,8.45646479321755,9.6029537470861,9.70476763985208,10.4767193983152,9.4895966057367,8.20208065404832,7.78283985787317,7.27671344317382,8.60629865503696
"PRRX1",8.76757374533284,8.71242039745444,8.95831358028486,8.57859205427516,9.78500165986717,8.46876549868123,7.63589913234756,6.62523544910698,6.5965280580432,8.62163278514971
"PCOTH",7.83473936551862,7.80667112404692,6.89958001402615,7.34746625130853,7.01551767049168,8.48457348150133,8.55747137960375,8.59133381866047,8.0883754232593,8.39031762974973
"SASH3",9.50437585015259,9.03171198420321,9.66220127305082,9.23854921605531,9.00864613045301,9.01781641188571,7.39741146099314,8.12966118640147,8.24008138748011,8.17229973903049
"CCHCR1",8.65818211455601,8.39878445159617,8.18624949029909,8.69937147548226,8.05957394421252,8.72311520439355,9.50906767274593,9.45817265965636,10.5590772580248,8.84544256893905
"PPARD",5.96274961622982,8.22002932116592,6.57222671868186,7.50150194227417,6.56594058840179,8.36926336724507,9.98209342685153,8.63365614226359,9.00445851466792,9.24703546617619
"BNC2",6.3058724430566,7.53808861151014,6.50360075182771,7.87810114277902,5.76965037133427,7.72243553774793,9.45975760009128,8.34876100434486,8.94563089085205,8.9517038110918
"TMEM132A",7.37235905410588,7.74540369836442,7.26555255765102,7.38746687502722,6.53772553395992,7.59330376314756,8.38316931025399,8.36243951677297,9.19560347779417,8.02021501031014
"MARCHF1",9.67686154606575,8.9770087226043,9.43956807679151,9.00526129119867,9.04626609859274,8.68192544731813,7.71177421896936,8.35079164782259,7.88356055028121,8.0313507504512
"PPP1R2",8.21558156280271,9.1983075930264,8.1950734102817,8.75888396223183,7.85903495109034,9.03111555110017,10.5417436721076,8.86228619468749,9.30008879141896,9.89484362217378
"CRYBG2",8.56802027971644,9.34894157227824,9.1583828951082,9.26229785627089,8.52498382813541,9.84667636892683,10.108330662509,10.0209587437618,10.7475442430159,9.6722477392865
"PPP2R1B",8.31135976166872,9.12992292556799,8.22566574303376,8.91580305109583,8.89096322169132,9.37277206102932,10.7425440289864,9.27416731493617,9.93784545752348,9.96863600219656
"KLHDC8A",6.09426442575318,6.31033141071003,5.83763902486767,5.64587053327618,5.89523368188278,6.31064721262587,7.92098097010615,6.8803789544569,7.69156166215816,6.83660883214322
"GPRC5D",9.09237373059229,12.2185586156224,9.30506642744524,12.2435776982471,6.63385192206485,12.5331544603081,13.5647130641656,12.6295338434661,12.7680972840938,13.1822809008649
"PRF1",9.11548359388697,8.9923286674241,9.70034211831733,9.90280429507388,9.73335558723011,8.57923236967317,7.83786227150547,8.12237187995086,8.17213121052808,8.57591111227575
"SRGN",9.30341438164206,9.0767301204407,9.09159024554069,8.83597178945113,9.3036378510536,8.4576395633165,7.85551813492184,6.44734134201839,5.68939329602654,8.31762495250632
"KIF21A",8.30965929720506,9.15583688477113,8.3044823804402,8.90405500603439,8.23206648301526,9.27980726581513,10.0945455485924,9.81816023851692,10.6643716129158,9.67663542650442
"PRKACB",8.53630554974636,8.21736561026798,8.28358881166906,8.13591205194157,9.24398605386649,8.17405168953874,7.61059450815941,6.86718286871695,6.38158160088015,8.16579597603176
"MREG",6.6874439257796,7.46428559876446,6.8762655782572,6.87147137968153,6.75889667468282,7.47757425073883,8.82511395512334,7.83724247374114,8.67981911165094,8.22315131248105
"PRKAR2B",11.4759536357813,10.3436703959376,9.81995108844133,10.1734172201776,11.6436400061314,9.65335517708731,8.652882942812,9.7138698691909,9.10835232526729,10.4900063931139
"PRKY",5.26467404548264,5.11642222173792,5.01455076136314,5.00646801639254,4.89193314334669,7.23486894627497,5.42860851929171,7.48441577741531,7.41882327531484,6.87764848448472
"CRTAM",6.83868093526977,6.61478481363187,6.27821988751334,7.10120473217261,6.00678677158657,6.14824225602462,5.40046129813088,5.27283634805205,4.93397143716959,5.96249632068825
"CLDND1",10.6357949554395,10.6916429769163,10.7612421898515,10.2462474281134,10.6664179124282,10.3459840089763,10.164643790159,8.83680936522003,7.97260498612826,10.2291587465079
"B2M",13.1653871675997,12.8882859905677,13.0350922460608,12.9817524929528,12.8893463767118,12.6566533156961,11.9206479140145,11.9127461743775,10.9057480779379,12.5380509658915
"PSMB9",10.582000227419,10.1737335851941,10.873813251021,11.164297128302,10.0771044862546,9.79642507925103,9.08620477616761,9.79470100961044,9.59580966942171,9.4411956063633
"CCNL1",8.78572986519157,8.45878760731645,9.80819674830375,8.70031842218078,8.45842355095793,8.30909630524675,8.28132064539601,6.69034887500474,5.9543700030075,8.05265391581146
"CPA6",4.60411577144559,4.59803576648122,4.21719085200099,4.58979139373607,4.19702984552278,4.47209350947201,6.84096830562916,4.96998014316781,5.98117800177709,5.05870254887502
"ADCK1",9.03894980397993,8.84290660461472,9.24677947842294,9.9506621610293,8.47741780075605,10.2501303646313,9.34103691251369,10.6210794416923,10.8027340142687,9.69806818473119
"NDRG2",9.81391701583748,9.27473126617381,9.21942227692362,9.27102758646533,9.65268285026125,8.88078187329952,8.58377756084206,7.93654805304081,6.48945107150977,9.40293138197679
"TENM2",10.1238026248147,11.2338539116515,10.3586344288295,10.8019815733107,9.11327136162249,10.9412276165623,11.9927933407511,11.1604921269071,11.3693048096243,11.5917489411953
"ZFP14",6.89934884053867,6.33801077386961,7.22297642981753,6.32495507547323,7.80348080798263,6.00726266905242,5.8507633900754,5.68272738672777,5.41338337559465,5.99509257678294
"IGDCC4",10.3282089892592,9.60768682278479,10.268658451786,9.40291782348962,10.4945593745107,10.1184671056175,8.43556048865603,8.680558252447,8.32786374202088,9.18350290214343
"KRTAP5-8",9.13236403787849,11.5065662476898,9.1941014710248,11.4290325421118,7.34838226546698,11.5059528079813,13.0628782242988,12.2841314488634,12.2393363002566,12.3802508890168
"PTPRC",9.26545860983537,8.97020813353179,9.35347358351366,8.92625626507357,8.64548383847736,8.65147705918529,6.97232181504301,7.5827736445462,6.71261962367855,8.13530211170324
"RAB3B",7.51293169587653,8.34600747671105,7.24041520324918,7.8714769639253,7.14870962190912,8.61071181049488,8.71193934137264,9.29651875677442,9.34847835798845,8.15848143047517
"PLAAT4",11.0137019500008,10.5034130759479,10.7675925442321,10.6697735379638,10.1537456601754,9.82238767756319,9.05992986596441,9.63475207964082,9.74786996461758,9.5634082307959
"RFX2",8.6112625533328,8.6576383949973,8.42536167967489,8.64109743341465,8.50482088921487,8.90948448856993,9.79332387814124,10.3896149235196,11.2264010877786,10.083724944595
"RNASE4",10.0402106015912,9.39465265165287,9.26318805498102,9.32151566798441,10.2176742363947,8.91107686870278,8.75367096189642,7.87855210188856,7.36186540526657,9.19717917713475
"APOBEC3G",10.0504528215973,9.61554350674223,9.86196026575709,10.2449107745912,9.40205420625421,9.3277185177771,8.60542297885065,8.46824660411424,8.53836151495194,9.19396418031348
"RPS4Y1",10.4221724129771,8.02101341214787,7.19358109234245,6.76190643419767,6.72547709170007,14.0197340285585,6.69538212424992,14.0704648083947,14.11077211869,13.872069106164
"S100A3",9.46903576826728,11.0900155079085,9.28813874440787,11.7621231275074,6.43924732231097,11.7802760499021,12.889947233331,12.315702227088,12.6752700759844,12.2558544951569
"S100P",10.2609310401392,11.901040012401,11.249182037417,11.6367409624737,10.2989305446818,11.4694926567422,12.695072687791,11.7018568829293,12.2327705221278,12.5280794303257
"SCN7A",10.6638555230299,9.58053352351574,10.3108380086348,10.6105195533026,11.1410427796341,10.0792862028381,9.463583288669,9.64286476253976,8.61479600521508,9.40679745534293
"CCL2",10.5288406311703,10.2441443577621,11.5356538604996,10.8509650324925,10.6690957999248,11.1699729107933,9.04965410294785,8.6194303831277,8.08472727470869,9.94054867422671
"CCL5",7.4639888048459,6.94940788537857,8.08380604573898,7.79484802247972,6.97726870700492,6.73929319549842,5.5620923991817,6.00041883774528,6.07091497771356,5.98136245853604
"CCL13",11.565411848668,11.7252319249721,11.019439465025,9.43157765046283,9.86906158333954,9.74795353492534,7.62984396120612,8.36722403282623,9.52341279481037,9.91908288175667
"CXCL11",5.72835611288608,7.48968754884243,6.18773625276351,7.3383386301455,5.36587185806079,5.23623191255455,5.29569046021787,5.23931889397053,5.33740562930606,5.84282740936674
"XCL1",7.7509407329958,8.12916769045029,7.8323626453487,7.26461611132694,7.69847662087539,6.96948349759859,5.92803481806293,6.44776615867186,6.48576930333264,6.65336883925395
"KIF13A",9.2084980169085,9.10920124215306,9.11679819848586,9.33612481729343,9.28962838000038,8.80027509300114,8.490138988169,8.61640918882834,7.4257630992195,7.70599498238232
"SELL",7.8104735534668,7.01669832069385,7.36795403912046,6.92701877188764,6.75320099607982,7.63384704572895,5.49305400859295,5.27094762663899,5.46329371919293,6.51593879296605
"OXCT2",5.52106936092337,7.16690098374911,5.98773123957191,7.04185742566195,5.69763760373537,7.31246765281515,9.29362624283963,7.6863937749104,8.46050691441279,8.3184383473442
"SAMSN1",8.43832347058937,8.27533338593368,8.31015236611038,7.44165044083928,7.30753775924109,7.76040163900001,6.1506196091948,5.85084215190443,6.10084751479706,6.81595227349291
"MS4A6A",10.8383160749964,11.376577064794,11.3393631385283,10.4290862422472,10.8079407514673,10.4511990668889,9.50242486801884,9.48993636572099,9.88346051970705,10.3711401207453
"SRSF3",10.9561325922753,10.2051463523055,10.7396999002839,10.5156893208674,10.7777922641736,10.0884236423393,10.1895512910948,9.27546925155103,8.50630068219505,9.90726309749489
"HHIP",4.97955948128628,5.54823527554681,5.16840701462256,5.13668322820937,5.20067437044465,5.60255427227036,7.0165897736458,5.85913723769895,6.71748902584341,6.15005247200894
"RGS18",7.39336831050165,7.05062491438892,8.04263046512586,7.65353028262937,8.63159819709227,6.70517134736304,5.23341205935334,5.87512390310357,5.12339953049592,6.64580927183656
"PIRT",6.60160437463765,9.0386746890328,6.90324184830887,8.67765705778816,4.97757596470633,9.14942518536899,10.9629754726927,10.085333139998,10.7578674609468,10.015767551414
"SH3GL3",7.26970617844918,8.140949460296,6.76804963991638,7.79391233251983,6.0420029407947,8.4586632838213,9.67399208537682,8.73448303110284,8.74457878296671,8.71080528005302
"TTTY15",5.16148035498014,5.03580417754401,4.96761210022917,4.99488048975389,4.90130586205992,6.78284087404333,5.02721046975687,7.00940933810934,6.37948194193286,7.38978493249228
"PLA2G2F",6.10043744864406,6.91276625532508,6.3147514075352,6.71052237439146,6.07272187340571,7.34684361986529,8.68473154424295,7.73528350128204,7.87681911538941,7.50651212075103
"NUCKS1",9.61387784959926,9.05365947849795,8.75202175580911,9.7135802508112,10.1422206433287,10.308094087739,10.1609119520182,10.9179531849434,11.6690845658231,9.90564570471027
"RMND5A",10.8535289277996,11.8318146042228,11.2343248112858,11.5262754507131,11.3612127774984,12.0151676991501,12.8780805056787,12.2079937635452,12.4585408526314,12.4320739888822
"AIDA",8.32944869000524,8.29214154091475,8.15333128555676,8.0212440045786,8.54529606377823,7.72305104579884,7.56136356572423,6.88376027173805,5.89210030334299,8.15457821904937
"BMP2",7.38595986835923,8.40931229452793,7.25588085649821,8.31539012090619,6.99367839806591,8.38419617893319,9.71836198771164,8.73955303334356,8.84717367198128,9.02662433454289
"SLC1A6",6.02349204960933,7.74890719146488,6.95385999077816,7.5363628151828,5.38764953754513,7.59060348194224,8.95807853710928,7.54922320697435,7.59501741965757,8.38477089083273
"WNK4",6.49736678834215,9.06000831497703,7.03263148264273,7.59705425417437,5.36430363917797,8.13871132547177,9.56849639078093,9.12418064761562,10.0440717293481,8.96845531977256
"KRTAP4-11",9.11844647068041,12.560549296258,9.80389927557477,12.0818287375887,7.22421494907259,12.6987716058395,13.5560337226252,12.7271021820903,12.840637253144,13.1820456208779
"BMP7",7.91162008626982,8.80472713384354,7.34904851408723,8.27217383992027,8.01400306135364,8.50671444980282,9.63794932458736,8.9801400797962,9.52607807855086,9.03585683283422
"SLN",7.86713077527575,9.3409713441319,7.74290942465389,7.91594131599316,6.13554296318467,9.25387681298832,10.5371536285747,8.70572081055154,9.92486007016473,9.75271507309009
"NR2F2",10.1984031448742,9.91383425980565,10.402078982353,9.91574138702819,11.3119243349041,10.0375723866934,9.1413936058465,8.98794312465558,7.71716468223076,9.90027351116415
"TGM3",7.98906834897557,9.47751813416143,7.31338637746087,9.05649094319446,9.39959282083592,9.82515511849232,11.1004729702221,10.2402570039508,10.9278311738126,10.4920133919512
"TJP1",8.16306146432484,9.3182952466838,8.48220495563874,8.82678286778881,8.54089980548297,9.14399098715793,10.2031363975062,9.52352891387412,10.1926646941755,9.56269016068165
"TLR3",8.57999786456476,7.94769370683034,8.74989760358198,8.61059671579742,8.30995745872716,7.78014294364889,7.26278631512613,6.50431066217603,6.59143838286066,7.64634710371372
"C1S",8.96868674294786,9.00875835938591,9.18352081264132,8.55261045027384,9.84580859275173,8.59256097630922,7.90459425522627,6.80463663820095,7.43367457492815,8.61994100785518
"KRTAP4-8",9.35707851137843,12.1147538887525,9.79589052105375,11.7142505546015,6.64726274903536,12.1905402076576,13.058041001241,12.2894117310384,12.1342178521362,12.6523042637938
"UNC5B-AS1",7.63982501148078,9.01207856835061,8.869856009738,9.0635404533584,6.94134880155888,9.11266582096128,9.39873969971866,9.59031148686016,9.67932992987844,9.05456537946428
"CCR2",8.66489470194063,7.81638017364565,8.70643139641821,7.82311048204167,8.99111367682008,7.87393849802791,6.90011599512845,7.23860248504113,6.97000527297151,7.72230335103323
"UGT8",8.73577589379383,6.47915862656255,7.06237546005327,7.64662527688844,9.1754516742232,6.9605939385394,5.67501533249966,6.41229859848973,5.97287102805975,7.14320548134169
"UTY",4.71040064003535,4.53081289906231,4.50894456472389,4.49265323061257,4.41730142975068,8.38773515621055,4.56660683238816,7.96469409611436,8.02886103488398,8.24824329406466
"VIM",8.3691491895565,7.19706260043836,8.52305903264765,7.42161467807849,7.49876097859592,7.75262050576695,6.61356257834787,6.39144383372055,6.2835882027134,6.42819401228681
"WEE1",8.17235117528872,9.08473323748685,8.9180699017875,9.45715451222693,8.98851230442382,10.4760952685949,9.97551189169298,10.7542145117264,10.3200560576053,10.017399273048
"XIST",13.4141884969854,13.1062350236804,13.2177799609254,13.1087306845427,12.8389175476762,5.13072933136353,13.0109640023797,4.90459841376133,6.97448585981514,5.37820213491138
"ZFY",4.19083269017561,4.03994535210983,4.093103417164,3.92675626506106,4.05923611469142,7.2893104537609,3.97854375982186,6.82622617709638,6.21049050069368,7.36842581147076
"ZFAND5",6.49543040651192,7.03287711828329,8.40883385412402,6.75991236716989,7.3923803650643,6.68277045377789,6.38444451473886,6.17766592654903,5.70737473689642,5.96001778733269
"OTUB2",5.91455598329321,8.83813477159756,7.60325485507584,7.87121637902444,7.35027319824125,8.7576455855815,9.92778858909763,8.94753521034274,9.28283233232358,9.24155955555343
"AUNIP",7.21514105858503,8.65738871562409,7.99765786721968,8.49318484606362,7.520544800046,8.77449241513114,9.56226884056152,8.66628182570155,8.93360798073562,9.10818583472914
"ST8SIA4",7.45848942519664,6.98922182896333,7.45199346125167,7.02274363651866,7.4507769843986,6.16513541144394,5.60068570674709,5.14327932537859,4.94747695202536,6.08413174862713
"CHAC1",6.72271302937366,9.74653437144594,7.36258287282829,9.37839798096493,6.28783080879954,10.5365873674796,12.2267626183615,10.9339306346454,11.1010749043779,11.3094158420241
"CALCB",5.15575333529826,5.31965051444883,5.25166418396531,5.68067365588686,4.6938433696233,5.75009392180771,8.20008809415424,6.19789711607138,6.19240823983274,6.45295488174848
"MCTP1",9.57659942064422,8.82820486644908,9.15321844287807,8.62610310988533,10.6265763100676,7.63721737597421,9.14396781871253,7.90200404403876,5.9215017712737,8.83242528534502
"MYH14",10.6756981497337,10.807101088287,10.1296814840073,10.8723503405016,10.1230936805048,11.1299167527614,11.8999090951284,11.7720519904813,12.4601355652628,11.3312566617497
"ATP8B4",7.57277500707169,7.35781173294844,7.10569077991793,7.61237434645806,8.60043858834725,6.66707814597799,6.1530301044061,6.53531376938194,6.46381414884201,6.97433157424552
"DOCK5",10.2740108637813,9.76519644742035,10.2961951942488,10.4951402320295,11.1063196673975,9.93902073926723,9.48368040043701,9.16404334585454,8.5466567029505,9.6751682152581
"FHOD3",8.88595480243906,9.16044873028391,8.61419534799332,9.31269346914437,8.65458138334624,9.3375603110137,10.990498132977,9.66696816001144,10.2266052959303,10.0731396019401
"EFHD1",10.7223250805778,10.505162034253,9.65547372159717,10.5586930926747,9.96421898031044,11.0272734598753,12.1486027187959,11.2395239329838,11.7342974074974,11.4711313938198
"SP6",9.25257025265527,10.6623574174918,9.59620805148057,10.4009345477634,9.08002404298251,10.9621306193366,12.1609838994626,11.0798440112263,11.4817652154329,11.3969393374654
"SLC19A3",8.7642492714425,8.50669223832832,7.79181088880054,8.25812385362375,9.84025106989299,7.32128628706581,6.87123873157404,7.68269474929381,7.0596826916131,7.54750459680759
"APOL6",9.25257181754089,8.2577591640278,8.0387222407837,8.43628696329489,9.31438112088525,7.53717514615402,6.81507732206068,7.1470423254065,7.3123707815429,7.60004215927774
"ZNRD1ASP",8.07619075815226,7.86188628320038,8.80707542182615,8.7690819463775,7.36967767455599,7.02505578637519,5.54255028044753,6.16558471005091,6.41603181744617,7.78005995446064
"FAM49A",8.08736369355983,9.53641449747377,8.09429707471771,9.22500208877322,7.21507437032941,9.84475168440803,11.4541082015471,10.1831144492995,11.1149310752035,10.7564939768746
"SLCO5A1",6.29998912084159,7.31126211074633,6.14994729519309,6.63221444468446,5.41234736137638,6.86501372796647,8.93239109811719,7.41330002465017,7.96538454116877,8.27263957016412
"NETO2",6.93495288350608,8.41956372315867,7.62435516588207,7.70546343580209,6.97899049389386,8.23346945454415,8.94681673644595,8.77078090953951,8.41459609530308,8.57847086091838
"KRTAP1-3",9.37508277197022,12.7396881811535,9.7531025469915,12.5480475608787,7.20056911444516,12.7856128182331,13.7093595586728,12.7648787908849,12.4050943671439,13.2836811173863
"KRTAP1-1",10.4950122638424,13.3935760189595,10.9130230068965,13.3065106088079,7.13689362420232,13.4360204132241,13.9565707583246,13.510325010877,13.4562373922101,13.7896517590442
"KRTAP9-9",8.98038163240717,12.5983746821626,9.72078951572282,12.4965991358187,5.26693159731039,12.6627879892091,13.4728592733387,12.6952900221503,12.5044191575787,13.0620246232766
"KRTAP4-6",10.8757012327278,13.5072091681031,11.4470156817434,13.4794316018697,7.76961857730997,13.5306183200781,14.0629224558085,13.6259638871532,13.6863713038131,13.951793278769
"KRTAP2-1",9.71679329164379,12.7375457897292,10.2663001765731,12.7125258082784,6.76310554924123,12.88891044489,13.3480413187883,13.1001425211455,13.3169174191425,13.0630913318131
"KDM5D",5.94777673254992,4.73335591302743,4.76154829536375,4.62497193623806,4.68191052356783,11.2264331079798,4.60443121134561,10.8097558603623,10.7155329979913,11.0637834429176
"USP9Y",4.94688024556584,4.50539483966824,4.21471225211964,4.13751512038864,4.206578991034,9.94166366361281,4.49167219415235,9.41616120547507,8.76169678737027,9.16765457546798
"KRTAP4-12",10.9695287108719,13.5500721432091,11.4409420477446,13.5143432114861,7.21028743510614,13.6106605885366,13.945148538407,13.6944061797611,13.7313702517255,13.8468308634102
"TTTY14",5.6317748122975,5.64559746044726,5.29301402377471,5.12938702647016,5.19944357007392,10.158259688475,5.24010080767649,10.2595700231937,10.3274742770353,9.75515805415234
"KRTAP3-1",10.0812388741783,13.0602511976158,10.1759247458776,13.1100451705761,6.31033141071003,13.1695822797789,14.0652128674182,13.5509793700735,13.8241980246064,13.7537525924181
"KRTAP3-2",10.4368098830738,13.3044015351774,10.893145476352,13.1600887573745,6.99719218193521,13.2527994673127,13.7370506107293,13.5292822671244,13.7601172822684,13.4686778938658
"KRTAP9-3",10.0529919579289,13.0099687559525,10.2514638759118,12.9632180022073,6.40691018247282,13.0335860794407,13.6864085223537,13.1123763953816,13.1444831705372,13.4423324928939
"KRTAP9-8",11.3002269236392,13.5477161465241,11.0026594513076,13.4939145952066,8.19672063410802,13.6102046274535,14.1747163445889,13.6104274533169,13.9039618691861,13.9951223833461
"KRTAP17-1",8.84014851679292,11.2616653820509,8.70253040958548,11.343040716057,5.93149711632248,11.3495970283195,12.7063223640282,11.8587233564639,12.0988879262032,12.1742338010386
"TM2D1",9.01205531113555,8.27930172321914,8.71149140365978,8.25192435943979,8.34008535432184,7.92292794973421,8.18137038471078,6.74882929497161,6.31350176139193,7.7676487849274
"FAXC",7.06705401268151,6.98311136227693,6.5500569837918,6.95396213571953,6.54266102785304,7.35812187003582,8.38523696716368,8.47289928094566,7.35478346889611,7.61524537813176
"FOXN1",9.48187561891109,9.95316661705699,9.28167482184669,9.87096283237827,9.34765564005133,10.1438634193173,11.36309938259,10.6327706724088,11.5044567580236,10.6957703879883
"MT4",7.90959644545249,8.7335698577139,8.36180160755642,8.87164731665893,7.90022623555656,8.88757308232724,9.83600392461618,9.70254980756235,10.1707929142409,9.72749059394079
"KRTAP4-4",10.3080118433394,13.2073354121014,10.9416179526609,13.0902469003887,6.71034320623113,13.249547173312,13.8103065680609,13.3528766850847,13.2206027466362,13.5466140014778
"IL1F10",7.7374977368566,9.45839349805321,7.82213010303134,9.37258206876067,8.73937568994893,8.98780994667561,12.0800875134237,11.0008742282312,9.95253660774914,9.84131713585086
"SPINK7",8.46005130769166,9.93542457484216,8.69882900096722,8.08221458630055,7.41356299866445,9.02684948599169,9.88003288175557,9.73939325712205,9.60443202440077,9.93991287610835
"CBX2",7.42337005008276,8.25474860758469,8.06560314978121,7.99086829516678,7.07871585710822,8.46614244726447,8.96820694270645,8.91263202237747,9.43528065133061,8.62545304295182
"GPR65",7.92562105905664,7.79675239832493,8.20105898239683,7.89452391136632,8.11770419225281,7.28419247942636,6.52252217004595,5.93062913353401,5.94820666909625,6.84532600256699
"AOPEP",9.98766867149448,9.49702296873029,9.99903370635137,10.3936214914743,10.1561458203095,9.03715659884542,9.4429826507051,9.38870542893705,8.27517456271081,8.48068481750901
"KRTAP9-4",10.5542419160064,13.1233753283634,10.9903681486281,13.0259398870948,7.78393704034595,13.1647117644006,13.8006986112571,13.2321244837547,13.2497037960243,13.5996683990464
"KRTAP4-1",10.4771747582491,13.4357386943359,11.4564438906967,13.3643058966965,7.64480800031955,13.4614636136522,13.9216426693017,13.4911226882768,13.5612345593193,13.719644761477
"KRTAP4-5",10.0962589676231,13.1876011360705,10.361433495927,13.0783667563246,7.30506593833382,13.3688858463095,14.0651261419603,13.4949414337455,13.7059176084321,13.720824618235
"KRTAP4-3",10.441142370511,13.0170874650878,10.5424832986689,13.059318251817,6.55408472045841,13.2441513249769,13.5317384841539,13.0365650519227,13.0553921236373,13.4920580243068
"KRTAP4-2",10.3602828754557,13.3713483503496,9.76280979787695,13.3961538630413,7.05070487068496,13.5567277098827,14.187866119218,13.7856071995467,13.785956929627,13.9290696449625
"KRTAP3-3",11.0573515751771,13.1845420058734,11.0700511019268,13.2532400133405,7.09126725560652,13.2917880119118,13.686520606398,13.4993707749567,13.7971704403591,13.5386655659788
"TSLP",6.41063279035183,6.52264306998684,6.83033986371626,6.47209174542165,6.61803515610262,5.54026358695784,5.47072326857538,5.30724257865945,5.15154521891782,5.3683053470767
"PLPP3",11.9188513189479,11.8678661265517,11.8585269365372,11.8303969841972,12.4915921082433,11.5205620793455,10.9352696827949,10.1859954787169,9.392109044676,11.4775314446387
"DDX3Y",6.02965156388569,5.00656119086958,5.00798471266201,4.79520718261414,4.85885263589361,11.2444861143946,4.67694888460288,10.9315198467823,10.3275281496595,11.0096911926318
"KRT36",6.2836995575436,6.97015585393201,6.13133607070977,6.67773969129484,5.83879734609427,7.35631632105672,9.45102936936934,7.76013039428728,8.25075957426747,8.06524244407082
"EED",8.50409522790741,8.20865721890249,8.82754559498346,8.22012119348571,7.62800014362693,7.36246071603676,7.42762567328361,6.22436565953108,6.04975355731936,6.46315369830833
"FGF18",6.62011323017652,9.44228541789395,6.68218290781663,8.61606665929397,4.97676729269091,8.96618194549639,10.387580473656,9.75071590882908,10.5801654125527,9.59863355645711
"INPP4B",8.37139786234968,9.88565398753306,9.26011432657486,9.36106099499261,8.80182684491262,9.84264667185048,10.5739195443044,10.2593861083379,10.5860514073748,10.112790786039
"CD84",8.94510913834154,8.50773414005331,8.83157560064848,8.62784294849046,8.71768686552167,8.28507920313852,7.06132140081224,7.56724409955885,7.07544728761042,7.91045341672669
"SIGLEC10",8.73587671059232,8.46780975967304,8.61456956346241,8.66720641224401,7.91375321713779,9.25630656952541,11.4668843971869,9.44282417534397,9.94051676689019,9.1354528737884
"FCHSD1",8.54633777896987,9.37603008843741,9.0424234257879,8.93354607918586,8.31469912015026,9.1335323037083,10.6050238557716,9.50130017849098,10.4821597974175,9.76134515943487
"HSPB3",6.56063317770463,8.37125056417586,7.10877997730916,7.37967483745363,6.49719780426204,8.32321123323256,9.29756517156834,8.49659311344482,9.00427092446672,8.27569521779453
"GLB1L2",7.99393394592217,8.93350302737325,8.4264892120512,8.98510775224563,8.73083316238864,9.21217997393157,10.4147094322403,9.98994187349707,11.0029918951617,9.38229644877553
"KALRN",7.77492053757784,8.28116379669641,7.08729534542221,7.53565749799536,5.80716034742285,7.77006747024052,9.13130327041627,8.33726575953221,8.63464559465057,8.08134789566252
"CCNG2",7.63015547938883,7.14972667182771,7.9504474673752,7.17485898192288,8.15479537875705,7.03923457469821,6.40843851795535,5.60468358722357,5.45617567622729,7.01079814154726
"N4BP2L1",6.47272227670521,6.21207767484779,6.75221420038087,6.21790551697792,6.25315693640713,5.87395445956516,5.078719119173,4.86270307562991,4.97360597189307,5.5796890102773
"BPY2",6.24212182835934,4.46671722232354,4.35731143323204,4.35887063204552,4.72661892294877,11.7814042235314,4.61143868437643,11.2757407674226,10.7786930686828,10.95926644511
"EIF1AY",5.99023151397725,4.9092965436381,4.80212542956263,4.84256199556296,4.99333201793143,11.5951104700471,5.1363337541109,11.1003964073165,10.5348818503343,11.2628351551907
"USP2",4.93023396861845,6.24293648526119,6.00245723566276,6.58212056973937,6.30387264222781,6.48279556838567,7.61091274962052,7.41827541828855,7.19581045358586,7.23918532663205
"CD1B",8.6989414082026,7.13514806015005,8.3440862920802,6.26272240419373,8.28666471069885,6.56279638807269,5.1549847774464,6.1992913003973,5.57733906379142,6.85746501005135
"CD1C",11.3446376716146,10.166940072768,11.1483262312711,9.52583961057697,11.4102009965414,10.1470751678291,8.59756757140808,9.87971301863078,9.46285463044607,10.0511881852601
"KRT75",9.98688644740923,11.1267259296321,10.1729130754293,10.4480285406645,7.78847662675754,11.5090217950768,12.5002389310039,11.7563209090657,12.4573910076677,11.636561038529
"CD1E",9.22541717936675,7.46496723484945,9.2826223712895,7.74270761172793,9.16587867334528,8.04728210124175,6.2063107866186,6.23832619810227,5.91211906771617,7.36896996118035
"CD2",8.67694909684587,8.13301925604147,8.74933529450837,8.81608481851772,7.70398987081362,8.16991030317224,6.32255046981929,7.25447922425842,6.79947596745383,7.41679448399428
"RSAD2",8.23134170632976,8.38291105539237,8.18723128673788,7.93267459025491,8.98977690398508,7.4520271175729,6.61280373877979,6.68628119523316,6.98638331683285,7.33100760810995
"CHURC1",12.1339966323008,12.1666424291665,11.7540425522661,11.6604793253663,12.1851007454853,10.3290875346746,11.5156070720465,10.0380795257126,9.55248369954468,10.3441761394402
"RASSF9",6.81170748373977,8.00395936432095,7.22490458153992,8.3876637873278,5.96397636366849,8.31642996653749,9.16146088560832,8.37452814126979,8.59994356109402,9.08370607035581
"SLC16A7",8.38414780090371,7.95513316288695,7.89317684144487,7.60009231099482,8.29142155866125,7.40604873174682,7.25940973050135,6.538651851051,5.18759687005057,7.52716816801992
"CDHR1",5.64572719916299,8.43226326440205,7.1446909764053,7.17252129841444,5.22208212894156,8.559892260735,7.71308081267602,8.17299405307008,9.52845378132953,7.56658073383278
"C1orf105",5.52504963354361,6.46026709907803,6.00845570974672,6.21438564168045,5.29575832096381,6.2854591224829,7.39837948105285,6.90873810739052,7.54333723099131,6.73721393535863
"CD8A",8.75845311977822,7.78421147812125,8.6901154349655,9.73298944414345,8.60330684105712,7.45547098208534,6.74444674144096,6.27641863907373,6.17747053174159,7.997804109666
"CD28",7.69857209070628,6.95731025643807,7.19691273067779,7.25790355122975,6.8096831650355,7.20730666064515,5.35641618433052,5.38994902506673,5.70106719908309,6.49941615556406
"EPSTI1",8.54484023465261,8.79689643066343,8.85739466638673,8.07522057736429,7.75144191377952,7.2559032024888,6.42200160569235,6.73110320692485,7.06102075420897,7.58956698195373
"CDYL",9.93214149981011,10.0674206030903,10.1019556329655,10.0174943854248,10.3984923424884,9.58923767286646,9.70008058404665,8.39867844130359,7.66087679229782,9.99151097440038
"CD33",8.19471831381635,7.46374743106458,7.98144246615041,7.44210029102766,8.03470818739418,7.28304500657375,6.01033965940333,6.59880076129096,6.46445983346909,6.66117959447317
"CREB5",7.26892554456481,8.20249280546752,7.60132585683546,8.14686147198064,6.89063459254016,8.38320632901418,9.44600025063302,8.85792739071027,9.31882896272781,8.41380450229786
"CD48",8.25816902227517,8.22984386052764,8.77572462457011,8.48781028101682,8.09445333001902,8.2044808072665,6.4268950443795,6.90535235973157,6.27074737018121,7.3435116912275
"CD53",10.9425349326128,10.6740381380257,11.0345473342913,10.6948302914963,10.8036298073799,10.5524625158327,9.16316199914151,9.53117450525015,9.1661284673024,10.2942119414989
"EIF5B",7.27530274422827,7.37681814718647,7.00631242643408,6.82086709590779,6.47051199902125,7.77929084833607,7.98594747063831,7.861271945941,9.92650745144372,7.32403709426342
"RIMS2",6.59529753514779,7.95661244130845,7.02945045758317,7.865948106707,5.32078036526906,8.17365127922995,9.43417937082565,8.23177233553983,8.29498155078616,8.76833869562609
"DNAJC6",8.02048857221564,9.86021102407603,7.92707067637248,9.74844982622378,7.37836705421309,9.72641849154138,11.2612948117583,9.47853368044299,9.98869186968887,10.6282238503692
